title,description,source,published_at,url,date
Lions sign DL Payton Turner,The Lions have added some defensive depth.,NBCSports.com,2026-03-20 20:40:33+00:00,https://www.nbcsports.com/nfl/profootballtalk/rumor-mill/news/lions-sign-dl-payton-turner,2026-03-20
1978 Chevrolet Corvette at No Reserve,"This 1978 Chevrolet Corvette is finished in Corvette Red over beige leather and is powered by a 350ci L48 V8 paired with a three-speed automatic transmission. The car is equipped with a Positraction differential, slotted 15″ alloy wheels, an AM/FM/eight-track…",Bringatrailer.com,2026-03-20 20:30:08+00:00,https://bringatrailer.com/listing/1978-chevrolet-corvette-260/,2026-03-20
"‘Infurabevvy’, rebel songs and an ‘alternative education’ on Phil Cole’s buses",‘Infurabevvy’ – Rebel songs and an ‘alternative education’ on Phil Cole’s buses…Celtic celebrations after 1966 title win. Photo The Celtic WikiIt was on the journey back that I was reall...,The Celtic Star,2026-03-20 20:30:00+00:00,https://thecelticstar.com/infurabevvy-rebel-songs-and-an-alternative-education-on-phil-coles-buses/,2026-03-20
41k-Mile 2008 Bentley Continental GT Speed Mulliner at No Reserve,"This 2008 Bentley Continental GT Speed is finished in Beluga over Saddle leather and features a RENNtech ECU tune, an aftermarket exhaust, Mulliner Driving Specification interior trim, heated and massaging front seats, and 20"" 10-spoke wheels. Speed examples …",Bringatrailer.com,2026-03-20 20:25:19+00:00,https://bringatrailer.com/listing/2008-bentley-continental-gt-speed-16/,2026-03-20
‘Armageddon’ attack on Qatari plant could keep energy prices high around the world: analysts,Damage to a critical Qatari facility is threatening to keep oil prices high around the world even if the war in Iran ends soon in what some analysts are calling an “Armageddon” situation.,New York Post,2026-03-20 20:16:26+00:00,https://nypost.com/2026/03/20/business/armageddon-attack-on-qatari-plant-could-keep-energy-prices-high-around-the-world-analysts/,2026-03-20
'Yikes': Trump mocked as he 'strains to sit' after boasting he may live to see 200,"President Donald Trump on Friday claimed he could live to 200 — yet he appeared to ""strain to sit"" before signing a new executive order — prompting plenty of mockery online. Trump signed an order to reserve the broadcast on the second Saturday in December exc…",Raw Story,2026-03-20 20:13:57+00:00,https://www.rawstory.com/trump-mocked-200-years-old/,2026-03-20
1987 Saab 900 Turbo Convertible 5-Speed at No Reserve,"This 1987 Saab 900 Turbo is a convertible that has been registered in Texas and Colorado with three owners since new, and it is powered by a turbocharged 2.0-liter inline-four paired with a five-speed manual transaxle, which had its clutch and clutch master a…",Bringatrailer.com,2026-03-20 20:05:16+00:00,https://bringatrailer.com/listing/1987-saab-900-turbo-10/,2026-03-20
Fitch puts New Zealand AA+ rating on negative outlook over rising debt,Fitch still rates New Zealand AA+ but is concerned about stubborn debt.,New Zealand Herald,2026-03-20 19:59:53+00:00,https://www.nzherald.co.nz/nz/fitch-puts-new-zealand-aa-rating-on-negative-outlook-over-rising-debt/FCY4EYD5JRBO3GLPY47RXYKBCQ/,2026-03-20
Oil jumps to highest settlement since July 2022 as more Mideast supply disrupted,Oil prices have surged to their highest in nearly four years. Iraq declared force majeure on oilfields. The U.S. is deploying more troops to the Middle East amid escalating Iran tensions. Attacks on energy infrastructure continue. The Strait of Hormuz remains…,The Times of India,2026-03-20 19:57:54+00:00,https://economictimes.indiatimes.com/markets/commodities/news/oil-jumps-to-highest-settlement-since-july-2022-as-more-mideast-supply-disrupted/articleshow/129708593.cms,2026-03-20
This high-end projector just opened for pre-orders with a price tag that will make your eyes water,"The Hisense XR10 is officially available for pre-order, with a steep $6,999 price tag and an attractive early-buyer bundle.",Android Authority,2026-03-20 19:54:35+00:00,https://www.androidauthority.com/hisense-xr10-pre-orders-open-3650872/,2026-03-20
Original-Owner 1989 Dodge Dakota Sport Convertible at No Reserve,"This 1989 Dodge Dakota Sport convertible pickup is one of approximately 3,800 built in partnership with American Sunroof Corporation over a three-year span and was purchased new by the seller. Powered by a 3.9-liter V6 that drives the rear wheels through a fo…",Bringatrailer.com,2026-03-20 19:50:18+00:00,https://bringatrailer.com/listing/1989-dodge-dakota-5/,2026-03-20
Boston Celtics Daily Links 3/20/26,All the Celtics news you need in one convenient place.,Celtics Blog,2026-03-20 19:47:24+00:00,https://www.celticsblog.com/boston-celtics-daily-links/135872/boston-celtics-daily-links-3-20-26,2026-03-20
Christopher Ward’s C63 Sealander Reaches New Heights as Britain’s First True GMT,The King of Affordable Luxury developed the in-house CW-002 over three years.,Hiconsumption.com,2026-03-20 19:36:56+00:00,https://hiconsumption.com/watches/christopher-ward-c63-sealander-true-gmt-calibre-cw-002-movement/,2026-03-20
Bitcoin Whales Accumulate Aggressively As Price Slumps 20% in 3 Months,"Bitcoin (BTC) traded in a narrow range on Friday, struggling to regain momentum despite a recent surge in market liquidity.",ZyCrypto,2026-03-20 19:30:24+00:00,https://zycrypto.com/bitcoin-whales-accumulate-aggressively-as-price-slumps-20-in-3-months/,2026-03-20
2001 Jeep Cherokee Sport 4×4 at No Reserve,"This 2001 Jeep Cherokee Sport has 93k miles following history in Washington with a single registered owner. Finished in Silverstone Metallic over Agate cloth, it is powered by a 4.0-liter inline-six linked to a four-speed automatic transmission and a dual-ran…",Bringatrailer.com,2026-03-20 19:25:18+00:00,https://bringatrailer.com/listing/2001-jeep-cherokee-223/,2026-03-20
South Carolina's Alicia Tournebize dunks to prepare for March Madness debut,South Carolina women's basketball reserve forward Alicia Tournebize dunked in practice ahead of her first March Madness game.,Greenville News,2026-03-20 19:23:23+00:00,https://www.greenvilleonline.com/story/sports/college/usc/2026/03/20/alicia-tournebize-dunk-south-carolina-womens-basketball-march-madness/89248860007/,2026-03-20
Vivek Ramaswamy Blew Nearly $12K in Campaign Funds on Luxury Vacation,"Ohio gubernatorial candidate Vivek Ramaswamy paid for a lavish trip to Puerto Rico using campaign funds, a new report from MeidasTouch has revealed.Ramaswamy’s campaign paid $11,898.25 to the Dorado Beach Ritz-Carlton Reserve, one of the island’s most lavish …",The New Republic,2026-03-20 19:22:22+00:00,https://newrepublic.com/post/208034/vivek-ramaswamy-campaign-funds-luxury-vacation,2026-03-20
Why rising mortgage rates and gas prices are suddenly impacting Bitcoin holders directly,"Your gas bill just became a Bitcoin story Fresh March data tied one household pressure point to one market trade. The preliminary survey from the University of Michigan put consumer sentiment at 55.5, the lowest reading of 2026, and said gasoline prices had e…",CryptoSlate,2026-03-20 19:20:26+00:00,https://cryptoslate.com/why-rising-mortgage-rates-and-gas-prices-are-suddenly-impacting-bitcoin-holders-directly/,2026-03-20
"Quote of the day by Colin Powell, “A dream doesn’t become reality through magic; it takes sweat, determination and .....” How Powell truly lived this quote and proved it right","Quote of the day by Colin Powell: Colin Powell’s quote “A Dream Doesn’t Become Reality Through Magic” highlights hard work, leadership, and success principles. This motivational quote explains why dreams require consistent effort, not luck, making it highly r…",The Times of India,2026-03-20 19:16:56+00:00,https://economictimes.indiatimes.com/news/international/us/quote-of-the-day-by-colin-powell-a-dream-doesnt-become-reality-through-magic-it-takes-sweat-determination-and-hard-work-how-powell-truly-lived-this-quote-and-proved-it-right/articleshow/129702862.cms,2026-03-20
Are the Trump administration's efforts to lower oil and gas prices working?,"With gas closing in on $4 a gallon, the Trump administration is pulling multiple levers to tame energy prices. The results have been mixed.",CBS News,2026-03-20 19:07:43+00:00,https://www.cbsnews.com/news/gas-oil-prices-iran-war-trump/,2026-03-20
O&O DiskImage Professional / Server 22.1.249,"Description: Keeping your data safe has never been easier! With O&O DiskImage 22 you can quickly and conveniently create a data backup of the entire computer, your hard disks and partitions. Individual files and directories can also be easily backed up as bac…",Rlsbb.to,2026-03-20 19:05:15+00:00,https://post.rlsbb.to/oo-diskimage-professional-server-22-1-249/,2026-03-20
Marcayla Johnson injury update: Baylor guard out with ACL injury,"Marcayla Johnson, a freshman guard and key reserve for Baylor, announced she tore an ACL last week and will miss the Women's NCAA Tournament.",USA Today,2026-03-20 19:03:31+00:00,https://www.usatoday.com/story/sports/ncaaw/2026/03/20/baylor-marcayla-johnson-acl-injury-march-madness/89248639007/,2026-03-20
Gen Z can’t afford a house. Some parents are choosing to fund their down payments over their college funds,Nearly three-quarters of parents are considering helping their kids buy a home amid the most dire market for first-time homebuyers.,Fortune,2026-03-20 19:02:29+00:00,https://fortune.com/2026/03/20/gen-z-homebuying-college-degree-value-parents-help/,2026-03-20
"BofA isn't ruling out a rate hike this year, but says it would take 3 things for that to happen",Markets are recalibrating expectations for Fed rate cuts. BofA says the Fed could possibly hike rates if three conditions are met.,Business Insider,2026-03-20 19:00:53+00:00,https://www.businessinsider.com/fed-rate-hike-powell-bofa-interest-markets-investors-powell-trump-2026-3,2026-03-20
Second Amphibious Assault Ship Now Heading To Middle East...,"With two Amphibious Ready Groups heading to the Middle East, there is increasing speculation that the U.S. will try to seize Iran's strategic Kharg Island.",Twz.com,2026-03-20 19:00:12+00:00,http://www.twz.com/news-features/uss-boxer-the-second-amphibious-assault-ship-now-heading-to-middle-east,2026-03-20
How Trump Lost the Courts,"With every passing day, another federal judge issues a scathing order to contain Trump’s autocracy and Trump keeps alienating the Supreme Court.
The post How Trump Lost the Courts appeared first on The American Prospect.",The American Prospect,2026-03-20 19:00:00+00:00,http://prospect.org/2026/03/20/how-trump-lost-the-courts/,2026-03-20
"Hard-to-diagnose women’s disease is often dismissed, even by gynecologists — but can cause serious problems if left untreated","This progressive, inflammatory disease takes an average of 10 years to accurately diagnose.",New York Post,2026-03-20 18:57:19+00:00,https://nypost.com/2026/03/20/health/female-disease-is-often-dismissed-but-has-risks-if-untreated/,2026-03-20
"Lula Says Petrobras, Pemex Could Partner on Oil Exploration",Brazil President Luiz Inacio Lula da Silva said he spoke with Mexican leader Claudia Sheinbaum about a possible exploration partnership between their nations’ state-run oil companies in the Gulf of Mexico.,Livemint,2026-03-20 18:56:03+00:00,https://www.livemint.com/companies/lula-says-petrobras-pemex-could-partner-on-oil-exploration-11774032964358.html,2026-03-20
"Single-Family-Owned, 95ci-Powered 2001 Harley-Davidson Softail Deuce at No Reserve","This 2001 Harley-Davidson Softail Deuce was purchased new by the seller's father who commissioned a $48k built that involved modifying and customizing the frame and bodywork, repainting it in Charcoal Metallic with multi-color accents, and building the Twin C…",Bringatrailer.com,2026-03-20 18:55:06+00:00,https://bringatrailer.com/listing/2001-harley-davidson-softail-12/,2026-03-20
Man jailed for assaulting garda on Christmas night out,An addict with longstanding difficulties with substance abuse has been jailed for three years and three months for punching a garda on a Christmas night out with his colleagues.,RTE,2026-03-20 18:48:40+00:00,https://www.rte.ie/news/ireland/2026/0320/1564450-jonathan-oneill-court/,2026-03-20
"CBRM buys up land to prevent development, protect water supply","Cape Breton Regional Municipality has approved a rural land deal costing $91,000 to buy four properties to protect the water supply, despite concerns raised by some councillors.",CBC News,2026-03-20 18:40:30+00:00,https://www.cbc.ca/news/canada/nova-scotia/cbrm-buys-land-prevent-development-protect-water-supply-9.7136372,2026-03-20
1957 Ford Ranchero 3-Speed at No Reserve,This 1957 Ford Ranchero was refurbished under previous ownership and was acquired by the selling dealer in 2024. It is powered by an electronic fuel-injected 292ci V8 paired with a three-speed manual transmission and is finished in green over green and white …,Bringatrailer.com,2026-03-20 18:36:42+00:00,https://bringatrailer.com/listing/1957-ford-ranchero-30/,2026-03-20
Is a CD account worth opening again? 3 reasons why it may be now,Recent developments could improve the value of a CD account again. Here's what savers should consider right now.,CBS News,2026-03-20 18:31:54+00:00,https://www.cbsnews.com/news/is-cd-account-worth-opening-again/,2026-03-20
Original-Owner 2008 Mercedes-Benz CL550 at No Reserve,"This 2008 Mercedes-Benz CL550 was purchased new by the current owner in Oregon, and it now has 85k miles. Finished in black over black Nappa leather, the car is powered by a 5.5-liter V8 paired with a seven-speed automatic transmission. Equipment includes the…",Bringatrailer.com,2026-03-20 18:05:01+00:00,https://bringatrailer.com/listing/2008-mercedes-benz-cl550-16-2-2/,2026-03-20
"After trading Sydney Brown, Eagles sign safeties Marcus Epps and J.T. Gray",The Eagles began restocking the safety room after the Sydney Brown trade by signing veterans Marcus Epps and J.T. Gray on Friday.,Nbcsportsphiladelphia.com,2026-03-20 18:04:10+00:00,https://www.nbcsportsphiladelphia.com/nfl/philadelphia-eagles/marcus-epps-jt-gray-contract-with-eagles-sydney-brown-trade/722054/?partner=yahoo,2026-03-20
What makes the Seiko Luxe Alpinist SPB505 unique? #lifestyle,Seiko’s Seiko Luxe Alpinist SPB505: a mountaineering tool watch Seiko’s Seiko Luxe Alpinist SPB505 is positioned as a rugged watch built for outdoor use rather than just everyday style. The core idea is that it behaves like a functional piece of climbing equi…,Alltoc.com,2026-03-20 18:03:41+00:00,https://alltoc.com/lifestyle/what-makes-the-seiko-luxe-alpinist-spb505-unique,2026-03-20
Neon Plymouth Road Runner Sign at No Reserve,"This single-sided reproduction sign displays the Road Runner cartoon character illuminated by multi-colored neon using 120-volt circuitry. The frame is black-finished metal and has multiple mounting provisions, or the piece can be displayed freestanding. Acqu…",Bringatrailer.com,2026-03-20 18:00:16+00:00,https://bringatrailer.com/listing/neon-plymouth-road-runner-sign-8/,2026-03-20
Dave Grohl Wants You to Know He's Doing the Work,"In his first newspaper interview since fathering a child outside of his marriage, the musician said he has attended over 430 therapy sessions",Exclaim!,2026-03-20 17:56:08+00:00,https://exclaim.ca/music/article/dave-grohl-wants-you-to-know-he-s-doing-the-work,2026-03-20
Seiko Luxe Alpinist SPB505 Watch,A rugged mountaineering watch with a rotating compass bezel and 72-hour power reserve.,Uncrate.com,2026-03-20 17:53:57+00:00,https://shop.uncrate.com/products/timex-waterbury-heritage-chronograph-watch-1,2026-03-20
Donald Trump Signs Order To Pressure Networks To Preserve Army-Navy Game’s Exclusive Time Slot,"Donald Trump signed an executive order on Friday designed to try to prevent the scheduling of rival football games to the Army-Navy Game, which has been held on the second Saturday of December. The executive order puts pressure on broadcast networks to preser…",Deadline,2026-03-20 17:51:56+00:00,http://deadline.com/2026/03/trump-army-navy-executive-order-1236761684/,2026-03-20
"There Is Now a $16,000 Infinity Gauntlet Replica For Sale","What, you thought the power to control the universe would be cheap? Continue reading…",ScreenCrush,2026-03-20 17:49:35+00:00,https://screencrush.com/16000-dollar-infinity-gauntlet/,2026-03-20
Barcelona 21-year-old homegrown talent to leave for Spanish second-division club,"FC Barcelona have a number of talented young players coming through the ranks at La Masia, who are currently a part of the reserve team Barça Atletic.However, it is not possible for every player to s...",Barcauniversal.com,2026-03-20 17:40:00+00:00,https://barcauniversal.com/barcelona-21-year-old-homegrown-talent-to-leave-for-spanish-second-division-club/,2026-03-20
Iran War may provide further economic uncertainty among homebuyers,"Realtor.com® economists had identified the national Best Time to Sell Week as April 12-18, but now it's accompanied by economic uncertainty.",Realtor.com News,2026-03-20 17:39:23+00:00,https://www.realtor.com/news/trends/inventory-iran-war-weekly-housing-trends-march-19-2026/,2026-03-20
39k-Mile 2009 Audi A8L at No Reserve,"This 2009 Audi A8L was specified in Cherry Black Pearl Effect over Amaretto Valcona leather, has 39k miles, and was ordered with the Technology and Cold Weather packages, which together provided heated rear seats, adaptive cruise control, Audi Lane Assist, Au…",Bringatrailer.com,2026-03-20 17:39:14+00:00,https://bringatrailer.com/listing/2009-audi-a8l-3/,2026-03-20
Janis Joplin-Themed 2002 Porsche Boxster at No Reserve,"This 2002 Porsche Boxster was specified with Seal Grey Metallic paintwork that was wrapped with nature and astrological-themed vinyl film under previous ownership. The wrap was inspired by Janis Joplin's 1965 Porsche 356C cabriolet, which had Dolphin Gray pai…",Bringatrailer.com,2026-03-20 17:36:27+00:00,https://bringatrailer.com/listing/2002-porsche-boxster-69/,2026-03-20
Traders pricing in TACO trade may be in for 'rude awakening' — Analyst,"The disruption to oil markets caused by the war in the Middle East has not been fully priced in by investors, who forecast a quick end to the conflict.",Cointelegraph,2026-03-20 17:35:00+00:00,https://cointelegraph.com/news/traders-taco-trade-rude-awakening,2026-03-20
2013 Volkswagen Jetta SportWagen TDI 6-Speed at No Reserve,"This 2013 Volkswagen Jetta SportWagen was sold new by Sheehy Volkswagen in Maryland. It was purchased by the seller in 2020 and has just under 100k miles. The car is finished in white over Cornsilk Beige V-Tex leatherette, and it is powered by a 2.0-liter tur…",Bringatrailer.com,2026-03-20 17:34:54+00:00,https://bringatrailer.com/listing/2013-volkswagen-jetta-sportwagen/,2026-03-20
2010 Porsche Panamera Turbo at No Reserve,"This 2010 Porsche Panamera Turbo was purchased by the seller in 2020, from the family of its original owner, and the odometer now indicates 62k miles. Finished in Yachting Blue Metallic over Cream and Yachting Blue leather upholstery, the car is powered by a …",Bringatrailer.com,2026-03-20 17:31:09+00:00,https://bringatrailer.com/listing/2010-porsche-panamera-turbo-60/,2026-03-20
"While the world watches oil prices, one critical Fed cash backstop is almost empty","Bitcoin’s real macro risk right now is more discreet than simply watching the price of oil. Behind the scenes, a Fed liquidity cushion is nearly gone, and it can quickly become a headwind for Bitcoin's attempt to avoid a deep crypto winter. On March 19, usage…",CryptoSlate,2026-03-20 17:30:58+00:00,https://cryptoslate.com/while-the-world-watches-oil-prices-one-critical-fed-liquidity-backstop-is-almost-empty/,2026-03-20
"Chiefs re-sign linebacker, special teams leader Jack Cochrane",Kansas City is bringing back an experienced special-teams player and reserve defender.,Arrowhead Pride,2026-03-20 17:30:00+00:00,https://www.arrowheadpride.com/kansas-city-chiefs-news/197125/chiefs-re-sign-linebacker-special-teams-leader-jack-cochrane,2026-03-20
Buying a House With a Baby on the Way? Here’s How to Plan Ahead,"Planning for a baby while buying a home can feel overwhelming. This Redfin guide breaks down budgeting strategies, hidden costs, and financial tips to help you prepare for both confidently.
The post Buying a House With a Baby on the Way? Here’s How to Plan Ah…",Redfin.com,2026-03-20 17:28:19+00:00,https://www.redfin.com/blog/how-to-afford-a-baby-and-a-house/,2026-03-20
2015 Porsche Cayenne Diesel at No Reserve,This 2015 Porsche Cayenne Diesel is a non-sunroof example that is finished in Black over Luxor Beige and Black leather. Power is provided by a 3.0-liter turbodiesel V6 linked with an eight-speed Tiptronic S automatic transmission and a locking center differen…,Bringatrailer.com,2026-03-20 17:28:04+00:00,https://bringatrailer.com/listing/2015-porsche-cayenne-diesel-167/,2026-03-20
1960 Pirsch Aerial Ladder Fire Truck at No Reserve,"This 1960 aerial ladder fire truck was built by Peter Pirsch & Sons Co. of Kenosha, Wisconsin, and was purchased by the selling dealer in 2025. The truck is finished in red over black vinyl upholstery, and power is from a replacement Detroit Diesel 426ci inli…",Bringatrailer.com,2026-03-20 17:27:25+00:00,https://bringatrailer.com/listing/1960-pirsch-aerial-ladder/,2026-03-20
Quadro Sherp the Ark at No Reserve,"This Quadro Sherp the Ark is an all-terrain vehicle and people carrier manufactured in Ukraine and was acquired by the seller in 2023. The truck is powered by a Doosan D24 2.4-liter turbodiesel inline-four linked to a five-speed manual transmission, a dual ra…",Bringatrailer.com,2026-03-20 17:25:12+00:00,https://bringatrailer.com/listing/quadro-sherp-the-ark/,2026-03-20
"Govt. launches ₹20,000 crore credit guarantee scheme to boost microfinance lending amid liquidity crunch","The scheme offers 70-80% guarantee cover on loans to MFIs, aiming to restore lender confidence and improve credit access for underserved borrowers.",Livemint,2026-03-20 17:23:40+00:00,https://www.livemint.com/industry/banking/govt-launches-20-000-crore-credit-guarantee-scheme-to-boost-microfinance-lending-amid-liquidity-crunch-11774020805696.html,2026-03-20
31-Years-Owned 428-Powered 1969 Pontiac GTO Judge 4-Speed Project at No Reserve,"This 1969 Pontiac GTO Judge is a running and driving project that was acquired by the seller in 1995. The car was first sold in Ventura, California, and it is presently located in Southern California, but the seller relocated it to Washington state for the ma…",Bringatrailer.com,2026-03-20 17:22:39+00:00,https://bringatrailer.com/listing/1969-pontiac-gto-judge-34/,2026-03-20
New Transformers Takara Tomy MPG-21 Rumble & Frenzy Set Revealed,"Rumble and Frenzy are small but dangerous Decepticons from the Transformers universe. These two usually serve the loyal communications officer, Soundwave, and they have returned with a new Transformers Takara Tomy release. In the original Generation 1 series,…",Bleeding Cool News,2026-03-20 17:22:07+00:00,https://bleedingcool.com/collectibles/new-transformers-takara-tomy-mpg-21-rumble-frenzy-set-revealed/,2026-03-20
US Drillers Add Oil Rigs For Second Week In A Row As Prices Soar,"The total number of active drilling rigs for oil and gas in the United States fell this week, according to new data that Baker Hughes published on Friday, bringing the total rig count in the US to 552 this week, down 41 from this same time last year. The numb…",OilPrice.com,2026-03-20 17:21:00+00:00,https://oilprice.com/Energy/Crude-Oil/US-Drillers-Add-Oil-Rigs-For-Second-Week-In-A-Row-As-Prices-Soar.html,2026-03-20
Vortec-Powered 1985 GMC Jimmy Sierra Classic 4×4 at No Reserve,"This 1985 GMC Jimmy Sierra Classic 4×4 was retrofitted with a 5.7-liter Vortec V8, the four-speed automatic transmission was reportedly rebuilt, and the exterior was repainted in its current shade of blue. The cabin features Slate Gray cloth front bucket seat…",Bringatrailer.com,2026-03-20 17:17:13+00:00,https://bringatrailer.com/listing/1985-gmc-jimmy-20/,2026-03-20
1987 Mercedes-Benz 560SEL at No Reserve,"This 1987 Mercedes-Benz 560SEL was purchased by the current owner in the early 1990s and has remained registered in Washington since new. Powered by a 5.5-liter M117 V8 paired with a four-speed automatic transmission and a limited-slip differential, it is fin…",Bringatrailer.com,2026-03-20 17:15:51+00:00,https://bringatrailer.com/listing/1987-mercedes-benz-560sel-60/,2026-03-20
Skylar Jones leaves Louisville as Women’s NCAA Tournament begins,Louisville head coach Jeff Walz said Friday that key reserve guard Skylar Jones is no longer with the team as the NCAA Women's Tournament begins.,USA Today,2026-03-20 17:11:08+00:00,https://www.usatoday.com/story/sports/ncaaw/tourney/2026/03/20/skylar-jones-louisville-womens-basketball-ncaa-tournament-march-madness/89246440007/,2026-03-20
Oil Prices Ease As US Pulls Out All Stops To Secure Supply,"Oil prices pulled back Friday, but not because the market suddenly feels safe. This is more of a tactical breather than a trend change. Brent slipped back toward the $109 level, while WTI hovered in the high-$90s, easing from the week’s Thursday spike that br…",OilPrice.com,2026-03-20 17:08:00+00:00,https://oilprice.com/Latest-Energy-News/World-News/Oil-Prices-Ease-As-US-Pulls-Out-All-Stops-To-Secure-Supply.html,2026-03-20
Gold price drop after oil shock: Why gold fell 9% this week despite rising inflation and Fed hawkish signals — Is this gold price drop driven by fundamentals or market mechanics?,"Gold price drop after oil shock: Prices slid nearly 9% to around $4,556 per ounce, even as oil surged past $119. For many investors, this move feels completely backward. Traditionally, geopolitical tensions and rising energy prices push gold higher. But this …",The Times of India,2026-03-20 17:05:01+00:00,https://economictimes.indiatimes.com/news/international/us/gold-price-drop-after-oil-shock-why-gold-fell-9-this-week-despite-rising-inflation-and-fed-hawkish-signals-is-this-gold-price-drop-driven-by-fundamentals-or-market-mechanics/articleshow/129704292.cms,2026-03-20
Chiefs re-sign LB Jack Cochrane,The Chiefs have struck a deal to hold onto linebacker Jack Cochrane.,NBCSports.com,2026-03-20 17:00:46+00:00,https://www.nbcsports.com/nfl/profootballtalk/rumor-mill/news/chiefs-re-sign-lb-jack-cochrane,2026-03-20
Real Madrid promote breakout academy prodigy to the first team,"Thiago Pitarch has become a talk of the town at Real Madrid lately, following his performances in recent weeks.The young midfielder has truly impressed onlookers with his technical ability and skill s...",Madriduniversal.com,2026-03-20 17:00:00+00:00,https://madriduniversal.com/real-madrid-promote-breakout-academy-prodigy-to-the-first-team/,2026-03-20
"Christopher Sims, revolutionary macroeconomist, Nobel laureate and generous mentor, dies at 83",Sims' work transformed how central banks and government leaders understand the economy.,Princeton University,2026-03-20 16:56:37+00:00,https://www.princeton.edu/news/2026/03/20/christopher-sims-revolutionary-macroeconomist-nobel-laureate-and-generous-mentor,2026-03-20
What Happens to Bitcoin if Bank of America's 'Three Conditions' for Fed Rate Hikes Hit?,"Analysts acknowledged that Bitcoin would likely face pressure if the Fed hikes rates, but they highlighted the asset’s recent resilience.",Decrypt,2026-03-20 16:54:48+00:00,https://decrypt.co/361919/what-happens-bitcoin-bank-america-conditions-fed-rate-hikes-hit,2026-03-20
Simple tips to energize ‘Mouth of Chi’ for apartments,"Unexplained household issues might stem from a blocked 'Mouth of Chi,' the main entrance. Feng Shui experts suggest simple remedies for urban dwellers to invite positive energy. Keep the entryway clear of clutter, open the door wide daily, and use vibrant col…",The Times of India,2026-03-20 16:45:40+00:00,https://timesofindia.indiatimes.com/astrology/simple-tips-to-energize-mouth-of-chi-for-apartments/articleshow/128250288.cms,2026-03-20
Editorial. Resignation and after,Chakraborty could’ve done better,BusinessLine,2026-03-20 16:43:50+00:00,https://www.thehindubusinessline.com/opinion/editorial/resignation-and-after/article70765864.ece,2026-03-20
Predicting Bears 2026 starting defense after first wave of free agency,"After the first wave of free agency, we're predicting what the Chicago Bears' starting defense will look like in 2026.",USA Today,2026-03-20 16:38:17+00:00,https://bearswire.usatoday.com/story/sports/nfl/bears/2026/03/20/bears-predicting-starting-defense-after-free-agency-coby-bryant/89245133007/,2026-03-20
Everything you need to know about F1 star Max Verstappen’s NLS race at Nordschleife,Verstappen is returning to the Nordschleife this weekend after making two race appearances in 2025. Here’s a full preview of the F1 star’s latest adventure outside grand prix racing,Motorsport.com,2026-03-20 16:35:03+00:00,https://www.motorsport.com/NLS/news/everything-you-need-to-know-about-f1-star-max-verstappens-nls-race-at-nordschleife/10806660/,2026-03-20
43k-Mile 2005 Toyota Sienna XLE Limited at No Reserve,"This 2005 Toyota Sienna XLE Limited remained under the care of its original owner until the seller's 2026 purchase, and it has 43k miles. This Silver Shadow Pearl example features seating for seven passengers, as well as a sunroof, a roof rack, parking sensor…",Bringatrailer.com,2026-03-20 16:30:16+00:00,https://bringatrailer.com/listing/2005-toyota-sienna-4/,2026-03-20
Saints 2025 Year in Review: TE Treyton Welch missed opportunities,Treyton Welch missed out on chances to make an impact for the Saints in 2025. He has a steep climb ahead of him to make the roster in 2026.,USA Today,2026-03-20 16:24:20+00:00,https://saintswire.usatoday.com/story/sports/nfl/saints/2026/03/20/saints-2025-year-review-treyton-welch-nfl-stats/89226674007/,2026-03-20
"The spring housing market is on, but mortgage rates just shot higher. Here's what to know.","This spring's housing market is on, but economic headwinds are pushing back most of the advantage that buyers have gained over the past year in affordability.",CNBC,2026-03-20 16:24:18+00:00,https://www.cnbc.com/2026/03/20/spring-housing-market-mortgage-rates.html,2026-03-20
Rutgers Football Adds Former Super Bowl Winning Offensive Lineman to Coaching Staff,Former Ravens Center Gino Gradkowski set to join Rutgers coaching staff,On The Banks,2026-03-20 16:15:17+00:00,https://www.onthebanks.com/rutgers-recruiting-links/51758/rutgers-football-adds-super-bowl-winning-offensive-lineman-to-coaching-staff,2026-03-20
300 years of wars show they are ‘always disaster times’ for holders of government debt because of inflation and financial repression,"""They have even underperformed equities and real estates which are traditionally regarded as risky assets.""",Fortune,2026-03-20 16:06:08+00:00,https://fortune.com/2026/03/20/national-debt-wars-us-uk-bond-holders-inflation-financial-repression-treasuries/,2026-03-20
Arizona Cardinals offseason moves: Are they better at inside linebacker?,A look at the offseason moves at inside linebacker and whether the position is improved or not.,USA Today,2026-03-20 16:05:24+00:00,https://cardswire.usatoday.com/story/sports/nfl/cardinals/2026/03/20/arizona-cardinals-offseason-moves-are-they-better-at-inside-linebacker/89243239007/,2026-03-20
"As war comes for Christopher Luxon, scandal arrives at the door of Chris Hipkins – Thomas Coughlan",Both major party leaders have found themselves hostages to ill fortune this week.,New Zealand Herald,2026-03-20 16:00:00+00:00,https://www.nzherald.co.nz/nz/politics/as-war-comes-for-christopher-luxon-scandal-arrives-at-the-door-of-chris-hipkins-thomas-coughlan/premium/5EMC6CLKVBDUNLNH3I5HGLILWA/,2026-03-20
Why the Global Oil System Cannot Replace Hormuz Flows,"As the world braces for a potential “Battle of Hormuz” to reopen the world’s most important energy chokepoint, governments and energy markets are scrambling to answer a daunting question: What happens if the Strait of Hormuz stays closed for weeks or even mon…",OilPrice.com,2026-03-20 16:00:00+00:00,https://oilprice.com/Energy/Energy-General/Why-the-Global-Oil-System-Cannot-Replace-Hormuz-Flows.html,2026-03-20
"Letters to the Editor dated March 20, 2026",Letters to Editor,BusinessLine,2026-03-20 15:59:40+00:00,https://www.thehindubusinessline.com/opinion/letters/letters-to-editor/article70766811.ece,2026-03-20
"Silver rebounds Rs 1,800/kg, gold eases Rs 650/10g in Delhi","NEW DELHI: Silver prices rebounded by Rs 1,800 to Rs 2.40 lakh per kg while gold prices dropped by Rs 650 to Rs 1.52 lakh per 10 grams in the national capital on Friday, according to the All India Sarafa Association. The white metal prices increased by Rs 1,8…",Statetimes.in,2026-03-20 15:58:21+00:00,https://statetimes.in/silver-rebounds-rs-1800-kg-gold-eases-rs-650-10g-in-delhi/,2026-03-20
Dave Grohl Talks About Intensive Therapy Since Cheating News,"In 2024, Dave Grohl made an unexpected public announcement: “I’ve recently become the father of a new baby daughter, born outside my marriage. I plan to be a loving and supporting parent to her. I love my wife and my children, and I am doing everything I can …",Stereogum,2026-03-20 15:56:17+00:00,https://stereogum.com/2493029/dave-grohl-says-hes-been-in-430-therapy-sessions-since-fathering-a-child-outside-of-his-marriage/news,2026-03-20
What happens to Bitcoin if oil price hits $180 per barrel?,"A 70% oil spike could nearly double US inflation, slash rate-cut hopes, and deepen downside risks for Bitcoin prices in the coming months.",Cointelegraph,2026-03-20 15:53:33+00:00,https://cointelegraph.com/markets/what-happens-to-bitcoin-if-oil-price-hits-180-per-barrel,2026-03-20
2013 Harley-Davidson CVO Ultra Classic Electra Glide 110th Anniversary Edition at No Reserve,"This 2013 Harley-Davidson CVO Ultra Classic Electra Glide is a 110th Anniversary Edition model that was registered in Virginia before its recent acquisition by the seller. Finished in Anniversary Diamond Dust and Obsidian with Palladium graphics, the bike is …",Bringatrailer.com,2026-03-20 15:50:05+00:00,https://bringatrailer.com/listing/2013-harley-davidson-electra-glide/,2026-03-20
Hot inflation and a hot war keep markets on edge,"Market volatility persists as inflation and geopolitical tensions disrupt economic stability, challenging investor strategies and risk assets.
The post Hot inflation and a hot war keep markets on edge appeared first on Crypto Briefing.",Crypto Briefing,2026-03-20 15:47:00+00:00,https://cryptobriefing.com/inflation-war-keep-markets-on-edge/,2026-03-20
RBI moves to prevent banks from mis-selling financial products: How will it protect customers?,"The RBI directions to banks include obtaining the customer’s explicit consent, ensuring product suitability for the customer before it is marketed, and giving a refund with compensation where mis-selling is established.",Livemint,2026-03-20 15:39:39+00:00,https://www.livemint.com/money/rbi-moves-to-prevent-banks-from-mis-selling-financial-products-how-will-it-protect-customers-11773835360854.html,2026-03-20
"Economists agree: You’re not crazy for feeling like the rich get richer, and the poor are doing worse. Welcome to the ‘K-shaped economy’","What was a niche argument about five years ago is suddenly everywhere you look, and it’s taking on the shape of a letter with two jagged edges.",Fortune,2026-03-20 15:37:02+00:00,https://fortune.com/article/what-is-k-shaped-economy-wealth-inequality-explained/,2026-03-20
UK investor John Laing Group takes €13m dividend from Convention Centre Dublin,The group purchased the operating licence for the facility in 2023 from the State-backed Irish Infrastructure Fund,The Irish Times,2026-03-20 15:35:25+00:00,https://www.irishtimes.com/business/2026/03/20/uk-investor-john-laing-group-takes-13m-dividend-from-convention-centre-dublin/,2026-03-20
"Stocks drop, bond yields jump as Iran war fuels central bank rethink","NEW YORK, March 20 : Global shares slumped for a third straight session and were set for a third consecutive weekly decline on Friday while bond yields climbed on fears the Iran war would keep upward pressure on oil prices and spark inflation.Iran attacked an…",CNA,2026-03-20 15:34:40+00:00,https://www.channelnewsasia.com/business/stocks-drop-bond-yields-jump-iran-war-fuels-central-bank-rethink-6005891,2026-03-20
"Stocks tumble, bond yields jump as Iran war fuels central bank reassessment","NEW YORK, March 20 : Global shares slumped for a third straight session and were poised for a third consecutive weekly decline on Friday, while bond yields climbed on fears the Iran war would keep upward pressure on oil prices and spark inflation.Iran attacke…",CNA,2026-03-20 15:34:40+00:00,https://www.channelnewsasia.com/business/stocks-tumble-bond-yields-jump-iran-war-fuels-central-bank-reassessment-6005891,2026-03-20
RBI imposes penalty on HSBC,"In a statement, the Reserve Bank said a statutory inspection for supervisory evaluation of the bank was conducted with reference to its financial position as of March 31, 2025.",The Times of India,2026-03-20 15:34:07+00:00,https://economictimes.indiatimes.com/industry/banking/finance/banking/rbi-imposes-penalty-on-hsbc/articleshow/129704100.cms,2026-03-20
"Elizabeth Warren demands answers on costs, economic impact of 'illegal and reckless war'","The liberal Democratic firebrand ripped President Donald Trump, whom she said has 'dragged the United States into an illegal and reckless war.'",CNBC,2026-03-20 15:33:25+00:00,https://www.cnbc.com/2026/03/20/elizabeth-warren-demands-answers-on-costs-economic-impact-of-illegal-and-reckless-war.html,2026-03-20
Hubert Davis is officially on the hot seat after UNC's historic collapse,"UNC blew a 19-point lead in a historic NCAA collapse, thrusting coach Hubert Davis’ job security and the program’s direction into serious doubt.",USA Today,2026-03-20 15:30:51+00:00,https://tarheelswire.usatoday.com/story/sports/college/tarheels/mens-basketball/2026/03/20/unc-basketball-hubert-davis-job-security-questioned-after-historic-collapse/89240239007/,2026-03-20
33k-Mile 2001 Bentley Arnage Red Label at No Reserve,"This 2001 Bentley Arnage Red Label is finished in Silver Pearl over a Cotswold and French Navy interior and has 33k miles. It is powered by a turbocharged 6.75-liter V8 linked to a four-speed automatic transmission and features 18"" six-spoke wheels, a sunroof…",Bringatrailer.com,2026-03-20 15:30:11+00:00,https://bringatrailer.com/listing/2001-bentley-arnage-red-label-28/,2026-03-20
No One Is Coming to Save the Economy,"We are living in the largest energy shock in history, and it's clear there's no plan to get us out of it.",Jezebel,2026-03-20 15:29:39+00:00,https://www.jezebel.com/no-one-is-coming-to-save-the-economy,2026-03-20
Oil Extends Rally as Hormuz Stays Closed,"Oil is heading for a fifth straight weekly gain, with Brent near $109, as the Strait of Hormuz remains shut for a third week, keeping supply tight despite policy efforts to ease the market. Friday, March 20, 2026 Oil markets are set to post their fifth consec…",OilPrice.com,2026-03-20 15:27:12+00:00,https://oilprice.com/Energy/Energy-General/Oil-Extends-Rally-as-Hormuz-Stays-Closed.html,2026-03-20
